aspect	3000	49	55	Update	3000-aspect2	Unknown	Related
subjective	3000	96	109	nicht fl√ºssig	3000-subjective3	Negative	Related
aspect	3000	115	121	Design	3000-aspect1	Neutral	Related
subjective	3000	139	155	recht ansehnlich	3000-subjective2	Positive	Related
subjective	3000	160	178	nicht zu √ºberladen	3000-subjective1	Positive	Related
subjective	3001	4	15	zuverl√§ssig	3001-subjective1	Positive	Related
subjective	3002	0	16	Sehr zuverl√§ssig	3002-subjective1	Positive	Related
subjective	3003	0	3	Gut	3003-subjective1	Positive	Related
aspect	3003	51	54	APP	3003-aspect1	Neutral	Related
subjective	3004	0	2	OK	3004-subjective2	Neutral	Related
subjective	3004	6	8	OK	3004-subjective1	Neutral	Related
aspect	3005	25	35	Wetter App	3005-aspect1	Unknown	Related
subjective	3005	36	44	sehr gut	3005-subjective1	Positive	Related
subjective	3006	0	5	Super	3006-subjective1	Positive	Related
aspect	3006	6	9	app	3006-aspect1	Unknown	Related
subjective	3007	0	3	Top	3007-subjective3	Positive	Related
aspect	3007	4	20	Wettervorhersage	3007-aspect1	Neutral	Related
subjective	3007	24	38	Empfehlenswert	3007-subjective2	Positive	Related
subjective	3007	40	44	Gute	3007-subjective1	Positive	Related
subjective	3008	0	5	Super	3008-subjective3	Positive	Related
subjective	3008	10	17	schnell	3008-subjective2	Positive	Related
subjective	3008	26	39	immer richtig	3008-subjective1	Positive	Related
subjective	3009	0	8	Sehr gut	3009-subjective2	Positive	Related
subjective	3009	46	58	sehr genauen	3009-subjective1	Positive	Related
aspect	3009	59	70	Vorhersagen	3009-aspect1	Neutral	Related
aspect	3010	0	6	Widget	3010-aspect4	Unknown	Related
subjective	3010	7	30	funktioniert nicht mehr	3010-subjective5	Negative	Related
subjective	3010	50	64	sehr zufrieden	3010-subjective4	Positive	Related
aspect	3010	73	76	App	3010-aspect3	Neutral	Related
aspect	3010	78	89	Vorhersagen	3010-aspect2	Neutral	Related
subjective	3010	90	107	stimmten meistens	3010-subjective3	Positive	Related
aspect	3010	132	138	Widget	3010-aspect1	Neutral	Related
subjective	3010	166	182	nichts angezeigt	3010-subjective2	Negative	Related
subjective	3010	230	258	Bitte Fehler schnell beheben	3010-subjective1	Negative	Related
subjective	3011	0	7	Geniale	3011-subjective2	Positive	Related
aspect	3011	8	11	App	3011-aspect1	Neutral	Related
subjective	3011	16	32	Sehr zuverl√§ssig	3011-subjective1	Positive	Related
subjective	3012	0	8	Sehr gut	3012-subjective0	Positive	Related
aspect	3013	30	32	AP	3013-aspect1	Neutral	Related
subjective	3013	24	29	Super	3013-subjective1	Positive	Related
subjective	3013	11	23	passt immer !	3013-subjective0	Positive	Related
aspect	3013	0	10	Temperatur	3013-aspect0	Unknown	Related
aspect	3014	44	49	Werte	3014-aspect1	Unknown	Related
subjective	3014	23	43	Relativ zuverl√§ssige	3014-subjective1	Positive	Related
aspect	3014	10	19	Bedienung	3014-aspect0	Neutral	Related
subjective	3014	0	9	Angenehme	3014-subjective0	Positive	Related
subjective	3016	87	92	Super	3016-subjective0	Positive	Related
subjective	3016	19	31	alles korekt	3016-subjective2	Positive	Related
subjective	3016	4	18	finde es super	3016-subjective1	Positive	Related
aspect	3017	115	136	Infos weltweit nutzen	3017-aspect3	Neutral	Foreign
subjective	3017	91	100	W√§re toll	3017-subjective3	Negative	Related
aspect	3017	79	89	Regenradar	3017-aspect2	Neutral	Related
subjective	3017	52	63	zuverl√§ssig	3017-subjective2	Positive	Related
subjective	3017	40	47	schnell	3017-subjective1	Positive	Related
aspect	3017	29	34	Infos	3017-aspect1	Neutral	Related
aspect	3017	15	25	Wetter App	3017-aspect0	Neutral	Related
subjective	3017	0	5	Beste	3017-subjective0	Positive	Related
subjective	3018	0	18	Macht genau was es	3018-subjective0	Positive	Related
subjective	3019	119	132	fast treffend	3019-subjective3	Positive	Related
aspect	3019	102	113	Voraussagen	3019-aspect3	Neutral	Related
aspect	3019	78	91	Darstellungen	3019-aspect1	Neutral	Related
subjective	3019	65	77	Sehr schicke	3019-subjective1	Positive	Related
subjective	3019	46	63	alles einwandfrei	3019-subjective2	Positive	Related
aspect	3019	33	45	funktioniert	3019-aspect2	Neutral	Related
aspect	3019	6	16	Wetter app	3019-aspect0	Neutral	Related
subjective	3019	0	5	Super	3019-subjective0	Positive	Related
subjective	3020	72	83	Gef√§llt mir	3020-subjective3	Positive	Related
subjective	3020	55	70	Tut was es soll	3020-subjective2	Positive	Related
subjective	3020	23	53	ohne unn√∂tiges Schnick-Schnack	3020-subjective1	Positive	Related
aspect	3020	12	22	Wetter App	3020-aspect0	Neutral	Related
subjective	3020	0	3	Gut	3020-subjective0	Positive	Related
subjective	3021	158	164	Schade	3021-subjective2	Negative	Related
subjective	3021	132	144	viel zu gro√ü	3021-subjective3	Negative	Related
aspect	3021	116	126	Zoomfaktor	3021-aspect5	Neutral	Related
aspect	3021	104	110	Banner	3021-aspect4	Neutral	Related
aspect	3021	96	102	PopUps	3021-aspect3	Neutral	Related
subjective	3021	74	94	unbrauchbar geworden	3021-subjective1	Negative	Related
aspect	3021	70	73	App	3021-aspect2	Neutral	Related
aspect	3021	55	61	Update	3021-aspect1	Neutral	Related
subjective	3021	32	42	√ºberflutet	3021-subjective0	Negative	Related
aspect	3021	24	31	Werbung	3021-aspect0	Unknown	Related
subjective	3022	0	5	Super	3022-subjective0	Positive	Related
subjective	3023	27	38	Fehler -505	3023-subjective0	Negative	Related
aspect	3023	0	6	Update	3023-aspect0	Unknown	Related
subjective	3024	0	6	Toller	3024-subjective2	Positive	Related
aspect	3024	7	13	Widget	3024-aspect2	Neutral	Related
aspect	3024	47	53	widget	3024-aspect1	Neutral	Related
subjective	3024	58	79	beste in seine klasse	3024-subjective1	Positive	Related
subjective	3025	0	8	Sehr gut	3025-subjective3	Positive	Related
subjective	3025	19	29	sehr genau	3025-subjective2	Positive	Related
subjective	3025	39	46	schnell	3025-subjective1	Positive	Related
subjective	3026	16	30	alles im Blick	3026-subjective1	Positive	Related
subjective	3027	0	7	perfekt	3027-subjective1	Positive	Related
subjective	3028	0	4	Gute	3028-subjective4	Positive	Related
aspect	3028	5	8	App	3028-aspect4	Neutral	Related
aspect	3028	31	34	APP	3028-aspect3	Neutral	Related
subjective	3028	71	76	prima	3028-subjective3	Positive	Related
aspect	3028	82	93	Darstellung	3028-aspect2	Neutral	Related
subjective	3028	106	114	ganz gut	3028-subjective2	Positive	Related
aspect	3028	123	133	Vorhersage	3028-aspect1	Neutral	Related
subjective	3028	134	152	trifft relativ oft	3028-subjective1	Positive	Related
aspect	3029	4	7	APP	3029-aspect2	Unknown	Related
subjective	3029	12	24	wirklich gut	3029-subjective3	Positive	Related
subjective	3029	29	37	n√ºtzlich	3029-subjective2	Positive	Related
aspect	3029	39	51	Funktioniert	3029-aspect1	Neutral	Related
subjective	3029	52	60	sehr gut	3029-subjective1	Positive	Related
subjective	3030	0	9	Schlechte	3030-subjective2	Negative	Related
aspect	3030	10	18	Funktion	3030-aspect2	Neutral	Related
subjective	3030	19	23	ohne	3030-subjective1	Negative	Related
aspect	3030	24	45	Einstellm√∂glichkeiten	3030-aspect1	Unknown	Related
aspect	3031	0	8	VORSCHAU	3031-aspect3	Unknown	Related
subjective	3031	9	26	AKTALISIERT NICHT	3031-subjective2	Negative	Related
aspect	3031	72	75	App	3031-aspect2	Neutral	Related
aspect	3031	153	159	Widget	3031-aspect1	Neutral	Related
subjective	3031	254	263	Nicht gut	3031-subjective1	Negative	Related
subjective	3033	0	4	Gute	3033-subjective3	Positive	Related
aspect	3033	5	8	app	3033-aspect3	Neutral	Related
aspect	3033	16	32	Wettervorhersage	3033-aspect2	Neutral	Related
subjective	3033	37	74	leider nicht immer zufrieden stellend	3033-subjective2	Negative	Related
subjective	3033	75	79	gute	3033-subjective1	Positive	Related
aspect	3033	80	89	√úbersicht	3033-aspect1	Neutral	Related
aspect	3034	4	15	Wetterdaten	3034-aspect1	Unknown	Related
subjective	3034	21	51	selten auf dem aktuellen Stand	3034-subjective1	Negative	Related
subjective	3035	0	7	Bestens	3035-subjective4	Positive	Related
subjective	3035	11	24	√úbersichtlich	3035-subjective3	Positive	Related
subjective	3035	25	33	Schnelle	3035-subjective2	Positive	Related
aspect	3035	34	45	Information	3035-aspect3	Neutral	Related
aspect	3035	46	56	Regenradar	3035-aspect2	Neutral	Related
aspect	3035	57	72	Unwetterwarnung	3035-aspect1	Neutral	Related
subjective	3035	73	90	Was will man mehr	3035-subjective1	Positive	Related
subjective	3036	74	89	sch√§tzen gelern	3036-subjective1	Negative	Related
aspect	3036	63	73	meteoswiss	3036-aspect0	Neutral	Foreign
subjective	3036	4	25	endlich wieder besser	3036-subjective0	Positive	Related
subjective	3037	14	22	sehr gut	3037-subjective0	Positive	Related
aspect	3037	4	7	App	3037-aspect0	Unknown	Related
subjective	3039	143	154	unbrauchbar	3039-subjective1	Negative	Related
aspect	3039	43	56	alten version	3039-aspect2	Neutral	Related
aspect	3039	27	38	Quer format	3039-aspect1	Neutral	Related
subjective	3039	13	23	war besser	3039-subjective0	Negative	Related
aspect	3039	0	12	alte version	3039-aspect0	Unknown	Related
aspect	3040	77	80	App	3040-aspect1	Neutral	Related
subjective	3040	71	76	guter	3040-subjective3	Positive	Related
subjective	3040	35	48	stimmt zu 95%	3040-subjective2	Positive	Related
aspect	3040	26	34	Prognose	3040-aspect0	Neutral	Related
subjective	3040	20	22	4 *	3040-subjective1	Positive	Related
subjective	3040	0	11	Meist super	3040-subjective0	Positive	Related
aspect	3041	47	53	Wetter	3041-aspect1	Neutral	Related
aspect	3041	37	40	APP	3041-aspect0	Neutral	Related
subjective	3041	0	6	Spitze	3041-subjective0	Positive	Related
subjective	3042	116	123	1 Stern	3042-subjective2	Negative	Related
subjective	3042	89	105	Sorry geht nicht	3042-subjective1	Negative	Related
aspect	3042	58	87	14 T√§gige voraus schau zahlen	3042-aspect1	Neutral	Related
aspect	3042	26	29	App	3042-aspect0	Neutral	Related
subjective	3042	0	7	Abzocke	3042-subjective0	Negative	Related
subjective	3043	136	146	zutreffend	3043-subjective4	Positive	Related
aspect	3043	123	130	Angaben	3043-aspect3	Neutral	Related
subjective	3043	106	117	zu begr√º√üen	3043-subjective3	Negative	Related
aspect	3043	77	96	dunkler Hintergrund	3043-aspect2	Neutral	Foreign
subjective	3043	57	72	w√§re sinnvoller	3043-subjective2	Negative	Related
aspect	3043	46	56	Regenradar	3043-aspect1	Neutral	Foreign
subjective	3043	29	40	√ºberfl√ºssig	3043-subjective1	Negative	Related
aspect	3043	17	23	Videos	3043-aspect0	Neutral	Related
subjective	3043	0	8	Sehr Gut	3043-subjective0	Positive	Related
aspect	3044	44	55	sandart app	3044-aspect0	Neutral	Foreign
subjective	3044	28	35	genauer	3044-subjective2	Positive	Related
subjective	3044	16	26	Sehr genau	3044-subjective0	Positive	Related
subjective	3044	0	12	Hervorragend	3044-subjective1	Positive	Related
aspect	3045	66	75	verlassen	3045-aspect0	Unknown	Related
subjective	3045	48	58	fast immer	3045-subjective2	Positive	Related
subjective	3045	13	29	meist sehr genau	3045-subjective1	Positive	Related
subjective	3045	0	5	Super	3045-subjective0	Positive	Related
subjective	3046	17	46	k√∂nnte aber noch etwas besser	3046-subjective2	Negative	Related
subjective	3046	13	16	gut	3046-subjective1	Positive	Related
subjective	3046	0	5	Prima	3046-subjective0	Positive	Related
aspect	3047	55	78	sehe ich wann es regnet	3047-aspect0	Unknown	Related
subjective	3047	10	14	toll	3047-subjective0	Positive	Related
subjective	3048	0	5	Super	3048-subjective0	Positive	Related
subjective	3049	19	34	jeden Empfehlen	3049-subjective1	Positive	Related
aspect	3049	6	9	App	3049-aspect0	Neutral	Related
subjective	3049	0	5	Super	3049-subjective0	Positive	Related
aspect	3050	171	182	Vorhersagen	3050-aspect3	Neutral	Related
subjective	3050	163	170	genauen	3050-subjective3	Positive	Related
aspect	3050	155	158	App	3050-aspect2	Neutral	Related
subjective	3050	149	154	super	3050-subjective2	Positive	Related
subjective	3050	131	137	Schade	3050-subjective1	Negative	Related
aspect	3050	98	120	zus√§tzlich Geld kosten	3050-aspect4	Neutral	Related
aspect	3050	71	89	Niederschlagsradar	3050-aspect1	Neutral	Related
subjective	3050	24	34	Punktabzug	3050-subjective4	Negative	Related
aspect	3050	13	16	App	3050-aspect0	Neutral	Related
subjective	3050	0	12	Erstklassige	3050-subjective0	Positive	Related
subjective	3051	120	135	immer schlimmer	3051-subjective2	Negative	Related
subjective	3051	78	91	nicht richtig	3051-subjective1	Negative	Related
aspect	3051	53	65	funktioniert	3051-aspect0	Neutral	Related
subjective	3051	0	11	Katastrophe	3051-subjective0	Negative	Related
subjective	3052	0	3	Gut	3052-subjective0	Positive	Related
aspect	3053	5	9	Info	3053-aspect0	Neutral	Related
subjective	3053	0	4	Gute	3053-subjective0	Positive	Related
subjective	3054	12	21	weiter so	3054-subjective1	Positive	Related
subjective	3054	0	8	Tipp Top	3054-subjective0	Positive	Related
subjective	3055	37	41	toll	3055-subjective1	Positive	Related
aspect	3055	11	27	Sonderfunktionen	3055-aspect0	Neutral	Foreign
subjective	3055	0	10	Bitte mehr	3055-subjective0	Negative	Related
subjective	3056	106	110	toll	3056-subjective2	Negative	Related
aspect	3056	89	101	Aufbereitung	3056-aspect2	Neutral	Related
subjective	3056	49	78	entsprechen selten dem Wetter	3056-subjective1	Negative	Related
aspect	3056	37	48	Wetterdaten	3056-aspect1	Neutral	Related
aspect	3056	23	29	Wetter	3056-aspect0	Neutral	Related
subjective	3056	0	11	Nicht immer	3056-subjective0	Negative	Related
aspect	3057	25	35	Wetter App	3057-aspect0	Unknown	Related
subjective	3057	15	24	Sher gute	3057-subjective0	Positive	Related
subjective	3058	132	151	Sehr empfehlenswert	3058-subjective3	Positive	Related
aspect	3058	104	117	Informationen	3058-aspect5	Neutral	Related
subjective	3058	90	103	allen n√∂tigen	3058-subjective2	Positive	Related
aspect	3058	68	81	konfigurieren	3058-aspect4	Neutral	Related
subjective	3058	61	64	Gut	3058-subjective1	Positive	Related
subjective	3058	46	59	ausgezeichnet	3058-subjective0	Positive	Related
aspect	3058	33	40	Service	3058-aspect3	Unknown	Related
aspect	3058	22	28	Dienst	3058-aspect0	Unknown	Related
aspect	3058	11	18	Service	3058-aspect2	Unknown	Related
aspect	3058	0	6	Dienst	3058-aspect1	Unknown	Related
subjective	3059	39	63	stimmen eigentlich immer	3059-subjective2	Positive	Related
aspect	3059	23	38	Wetterprognosen	3059-aspect0	Neutral	Related
subjective	3059	15	18	gut	3059-subjective1	Positive	Related
subjective	3059	0	7	Perfekt	3059-subjective0	Positive	Related
aspect	3060	37	40	APP	3060-aspect1	Neutral	Related
subjective	3060	30	36	Klasse	3060-subjective2	Positive	Related
aspect	3060	20	28	bedinung	3060-aspect0	Neutral	Related
subjective	3060	11	19	Einfache	3060-subjective1	Positive	Related
subjective	3060	0	6	Klasse	3060-subjective0	Positive	Related
subjective	3061	26	31	fehlt	3061-subjective1	Negative	Related
aspect	3061	19	25	widget	3061-aspect0	Neutral	Related
subjective	3061	0	13	√úbersichtlich	3061-subjective0	Positive	Related
subjective	3062	108	110	üëç	3062-subjective4	Positive	Related
subjective	3062	104	106	ok	3062-subjective3	Neutral	Related
aspect	3062	69	103	Darstellung der Niederschlagsarten	3062-aspect3	Neutral	Related
subjective	3062	58	67	brauchbar	3062-subjective2	Positive	Related
aspect	3062	43	52	Prognosen	3062-aspect2	Neutral	Related
subjective	3062	33	41	n√ºtzlich	3062-subjective1	Positive	Related
aspect	3062	25	28	App	3062-aspect1	Neutral	Related
aspect	3062	10	21	Darstellung	3062-aspect0	Neutral	Related
subjective	3062	0	9	Sehr gute	3062-subjective0	Positive	Related
subjective	3063	12	33	Gar nicht so schlecht	3063-subjective1	Positive	Related
subjective	3063	0	8	Respeckt	3063-subjective0	Positive	Related
aspect	3064	20	30	Wetter App	3064-aspect1	Neutral	Related
subjective	3064	14	19	beste	3064-subjective1	Positive	Related
aspect	3064	3	6	App	3064-aspect0	Neutral	Related
subjective	3064	0	2	1A	3064-subjective0	Positive	Related
aspect	3065	4	7	App	3065-aspect0	Unknown	Related
subjective	3065	0	3	Top	3065-subjective0	Positive	Related
subjective	3066	95	112	War vorher besser	3066-subjective1	Negative	Related
aspect	3066	71	83	Seitenformat	3066-aspect1	Neutral	Related
aspect	3066	39	45	Bilder	3066-aspect0	Neutral	Related
subjective	3066	0	16	Recht ordentlich	3066-subjective0	Positive	Related
aspect	3067	6	15	wetterapp	3067-aspect0	Unknown	Related
subjective	3067	0	5	Super	3067-subjective0	Positive	Related
subjective	3068	20	31	Top aktuell	3068-subjective0	Positive	Related
aspect	3068	0	10	Regenradar	3068-aspect0	Unknown	Related
aspect	3069	5	8	app	3069-aspect0	Neutral	Related
subjective	3069	0	4	Jute	3069-subjective0	Positive	Related
subjective	3070	57	60	Top	3070-subjective3	Positive	Related
subjective	3070	40	46	nur 4 *	3070-subjective2	Negative	Related
subjective	3070	17	33	Ziemlich ungenau	3070-subjective1	Negative	Related
subjective	3070	0	13	Nicht perfekt	3070-subjective0	Negative	Related
aspect	3071	22	25	App	3071-aspect0	Unknown	Related
subjective	3071	9	21	zuverl√§ssige	3071-subjective1	Positive	Related
subjective	3071	0	4	gute	3071-subjective0	Positive	Related
aspect	3072	293	296	app	3072-aspect1	Neutral	Related
aspect	3072	32	35	app	3072-aspect0	Neutral	Related
subjective	3072	14	31	Richtig schlechte	3072-subjective1	Negative	Related
subjective	3072	0	10	Zum kotzen	3072-subjective0	Negative	Related
subjective	3073	0	21	Bin relativ zufrieden	3073-subjective0	Positive	Related
aspect	3074	82	94	Regengebiete	3074-aspect1	Unknown	Related
aspect	3074	35	47	Regengebiete	3074-aspect0	Neutral	Related
subjective	3074	26	34	Aktuelle	3074-subjective1	Positive	Related
subjective	3074	0	22	Erwartung voll erf√ºllt	3074-subjective0	Positive	Related
aspect	3075	70	82	Wetterdienst	3075-aspect2	Neutral	Related
aspect	3075	31	34	Uhr	3075-aspect1	Neutral	Related
aspect	3075	17	26	wetterapp	3075-aspect0	Neutral	Related
subjective	3075	7	16	Sehr gute	3075-subjective1	Positive	Related
subjective	3075	0	3	Gut	3075-subjective0	Positive	Related
subjective	3076	81	106	Hoffentlich bleibt das so	3076-subjective1	Positive	Related
aspect	3076	14	20	Update	3076-aspect0	Neutral	Related
subjective	3076	0	5	Danke	3076-subjective0	Positive	Related
aspect	3077	7	10	app	3077-aspect0	Unknown	Related
subjective	3077	0	6	Sch√∂ne	3077-subjective0	Positive	Related
aspect	3078	59	65	Wetter	3078-aspect1	Neutral	Related
aspect	3078	25	28	APP	3078-aspect0	Neutral	Related
subjective	3078	4	17	mit Potenzial	3078-subjective1	Positive	Related
subjective	3078	0	3	Gut	3078-subjective0	Positive	Related
aspect	3079	261	264	App	3079-aspect3	Neutral	Related
subjective	3079	226	237	v√∂llig gaga	3079-subjective2	Negative	Related
aspect	3079	191	203	Temperaturen	3079-aspect2	Neutral	Related
subjective	3079	119	139	komplett unbrauchbar	3079-subjective1	Negative	Related
aspect	3079	91	103	aktualisiert	3079-aspect4	Neutral	Related
aspect	3079	74	90	Open weather map	3079-aspect1	Unknown	Related
aspect	3079	46	60	Wetteranbieter	3079-aspect0	Neutral	Related
subjective	3079	0	6	HAHAHA	3079-subjective0	Negative	Related
aspect	3080	6	9	App	3080-aspect0	Unknown	Related
subjective	3080	0	5	Tolle	3080-subjective0	Positive	Related
subjective	3081	25	32	pr√§zise	3081-subjective1	Positive	Related
aspect	3081	14	20	Design	3081-aspect0	Neutral	Related
subjective	3081	0	13	Fantastisches	3081-subjective0	Positive	Related
aspect	3082	73	79	Wetter	3082-aspect2	Neutral	Related
aspect	3082	33	36	app	3082-aspect1	Neutral	Related
aspect	3082	16	25	Wetterapp	3082-aspect0	Neutral	Related
subjective	3082	0	15	Sch√∂n animierte	3082-subjective0	Positive	Related
subjective	3083	94	103	zufrieden	3083-subjective0	Positive	Related
aspect	3083	26	29	App	3083-aspect0	Unknown	Related
subjective	3084	0	14	Sehr zufrieden	3084-subjective2	Positive	Related
subjective	3084	18	31	Alles bestens	3084-subjective1	Positive	Related
subjective	3085	0	3	Gut	3085-subjective1	Positive	Related
subjective	3086	0	5	super	3086-subjective2	Positive	Related
aspect	3086	6	9	app	3086-aspect1	Neutral	Related
subjective	3086	26	30	toll	3086-subjective1	Positive	Related
aspect	3087	6	13	anzeige	3087-aspect1	Unknown	Related
subjective	3088	9	24	Keine sehr gute	3088-subjective2	Neutral	Related
aspect	3088	25	28	app	3088-aspect1	Neutral	Related
subjective	3088	66	92	dachte echt sie ist besser	3088-subjective1	Negative	Related
subjective	3089	0	5	Super	3089-subjective2	Positive	Related
aspect	3089	6	9	APP	3089-aspect3	Neutral	Related
aspect	3089	71	76	Wiget	3089-aspect2	Neutral	Related
aspect	3089	82	85	Uhr	3089-aspect1	Neutral	Related
subjective	3089	96	102	klasse	3089-subjective1	Positive	Related
subjective	3090	0	8	Sehr gut	3090-subjective1	Positive	Related
subjective	3091	0	5	Beste	3091-subjective1	Positive	Related
aspect	3091	6	15	Wetterapp	3091-aspect1	Neutral	Related
subjective	3092	0	5	Super	3092-subjective2	Positive	Related
subjective	3092	14	23	sehr gute	3092-subjective1	Positive	Related
aspect	3092	24	27	App	3092-aspect1	Unknown	Related
subjective	3093	0	9	Sehr gute	3093-subjective2	Positive	Related
aspect	3093	10	13	App	3093-aspect2	Neutral	Related
aspect	3093	33	43	Zeitspanne	3093-aspect1	Neutral	Related
subjective	3093	70	81	richtig gut	3093-subjective1	Positive	Related
subjective	3094	0	3	Top	3094-subjective1	Positive	Related
aspect	3094	4	7	App	3094-aspect1	Neutral	Related
aspect	3095	6	12	Wetter	3095-aspect1	Unknown	Related
subjective	3095	51	72	mit Abstand die beste	3095-subjective1	Positive	Related
subjective	3096	55	62	einfach	3096-subjective2	Positive	Related
subjective	3096	40	50	sehr genau	3096-subjective1	Positive	Related
subjective	3096	21	37	Sehr zuverl√§ssig	3096-subjective0	Positive	Related
aspect	3096	11	17	Wetter	3096-aspect1	Unknown	Related
aspect	3096	0	10	Regenradar	3096-aspect0	Unknown	Related
subjective	3097	21	41	Leider nicht m√∂glich	3097-subjective0	Negative	Related
aspect	3097	0	16	Premium Funktion	3097-aspect0	Unknown	Related
subjective	3098	102	127	meistens wie ausgew√ºrfelt	3098-subjective2	Negative	Related
aspect	3098	70	96	L√§ngerfristige Vorhersagen	3098-aspect2	Neutral	Related
subjective	3098	49	68	absolut zuverl√§ssig	3098-subjective1	Positive	Related
aspect	3098	13	43	Kurzfristige Wettervorhersagen	3098-aspect1	Neutral	Related
aspect	3098	6	9	App	3098-aspect0	Neutral	Related
subjective	3098	0	5	Coole	3098-subjective0	Positive	Related
aspect	3099	54	57	App	3099-aspect1	Neutral	Related
subjective	3099	31	45	sehr zufrieden	3099-subjective1	Positive	Related
subjective	3099	13	18	super	3099-subjective0	Positive	Related
aspect	3099	0	12	Funktioniert	3099-aspect0	Unknown	Related
aspect	3100	76	91	aktuelle Wetter	3100-aspect0	Neutral	Related
subjective	3100	51	66	guten √úberblick	3100-subjective0	Positive	Related
subjective	3101	18	20	Ok	3101-subjective1	Positive	Related
subjective	3101	0	14	Empfehlenswert	3101-subjective0	Positive	Related
subjective	3102	18	37	Sehr empfehlenswert	3102-subjective1	Positive	Related
subjective	3102	0	13	Alles korrekt	3102-subjective0	Positive	Related
aspect	3103	94	107	aktualisieren	3103-aspect2	Unknown	Related
subjective	3103	84	93	endloooos	3103-subjective2	Negative	Related
subjective	3103	52	70	keine wetter daten	3103-subjective1	Negative	Related
aspect	3103	38	47	wetterapp	3103-aspect1	Neutral	Related
aspect	3103	6	9	app	3103-aspect0	Neutral	Related
subjective	3103	0	5	Super	3103-subjective0	Positive	Related
subjective	3104	11	42	Liefert genau was es verspricht	3104-subjective1	Positive	Related
subjective	3104	0	7	Perfekt	3104-subjective0	Positive	Related
subjective	3105	14	25	Daumen hoch	3105-subjective1	Positive	Related
aspect	3105	6	9	App	3105-aspect0	Neutral	Related
subjective	3105	0	5	Beste	3105-subjective0	Positive	Related
subjective	3106	70	88	nicht vorhergesagt	3106-subjective1	Negative	Related
aspect	3106	61	69	Gewitter	3106-aspect1	Neutral	Related
subjective	3106	16	34	nicht verhergesagt	3106-subjective0	Negative	Related
aspect	3106	0	8	Gewitter	3106-aspect0	Unknown	Related
subjective	3107	82	108	Netzwerkvetbindungsfehlers	3107-subjective1	Negative	Related
aspect	3107	33	43	Regenradar	3107-aspect0	Neutral	Related
subjective	3107	0	25	Netzwerkverbindungsfehler	3107-subjective0	Negative	Related
subjective	3108	19	32	Widget-Fehler	3108-subjective0	Negative	Related
subjective	3109	0	4	Geil	3109-subjective0	Positive	Related
subjective	3110	30	40	Problemlos	3110-subjective0	Positive	Related
aspect	3110	0	12	Funktioniert	3110-aspect0	Unknown	Related
subjective	3111	0	7	Perfekt	3111-subjective0	Neutral	Related
aspect	3112	199	216	allgemeine Wetter	3112-aspect2	Neutral	Related
subjective	3112	186	194	nur noch	3112-subjective3	Negative	Related
aspect	3112	109	144	stadtteilgenaue Anzeige des Wetters	3112-aspect1	Neutral	Foreign
subjective	3112	79	85	fr√ºher	3112-subjective2	Negative	Related
subjective	3112	32	44	stimmen zwar	3112-subjective1	Positive	Related
aspect	3112	20	31	Vorhersagen	3112-aspect0	Neutral	Related
subjective	3112	0	11	Ausbauf√§hig	3112-subjective0	Neutral	Related
subjective	3113	28	50	nicht sehr verl√§sslich	3113-subjective1	Negative	Related
subjective	3113	4	22	kann es gebrauchen	3113-subjective0	Positive	Related
subjective	3114	0	2	Ok	3114-subjective0	Positive	Related
subjective	3115	89	100	unbrauchbar	3115-subjective1	Negative	Related
subjective	3115	52	72	nur Berlin angezeigt	3115-subjective0	Negative	Related
aspect	3115	14	17	Ort	3115-aspect0	Unknown	Related
subjective	3116	16	21	nervt	3116-subjective0	Negative	Related
aspect	3116	8	15	Werbung	3116-aspect0	Unknown	Related
subjective	3117	23	31	ECHT GUT	3117-subjective1	Positive	Related
aspect	3117	19	22	APP	3117-aspect0	Neutral	Related
subjective	3117	14	18	GUTE	3117-subjective0	Positive	Related
subjective	3118	51	68	Besser geht nicht	3118-subjective2	Positive	Related
aspect	3118	43	49	Wetter	3118-aspect1	Neutral	Related
subjective	3118	19	42	Zu jeder Zeit richtiges	3118-subjective1	Positive	Related
aspect	3118	5	15	Wetter App	3118-aspect0	Neutral	Related
subjective	3118	0	4	Gute	3118-subjective0	Positive	Related
aspect	3119	92	106	Ortsbestimmung	3119-aspect0	Neutral	Related
subjective	3119	60	83	Nicht immer zuverl√§ssig	3119-subjective2	Negative	Related
subjective	3119	41	58	nutzte ich h√§ufig	3119-subjective3	Positive	Related
aspect	3119	30	40	Regenradar	3119-aspect1	Neutral	Related
subjective	3119	21	28	ungenau	3119-subjective1	Negative	Related
subjective	3119	0	12	Ziemlich gut	3119-subjective0	Positive	Related
subjective	3120	0	6	H√ºbsch	3120-subjective0	Positive	Related
aspect	3121	6	12	Bilder	3121-aspect0	Unknown	Related
subjective	3121	0	5	Super	3121-subjective0	Positive	Related
subjective	3122	202	211	weiter so	3122-subjective6	Positive	Related
subjective	3122	179	201	Dank an die Entwickler	3122-subjective5	Positive	Related
subjective	3122	130	145	stimmen √ºberein	3122-subjective4	Positive	Related
aspect	3122	118	129	Wetterdaten	3122-aspect2	Neutral	Related
aspect	3122	110	116	Grafik	3122-aspect1	Neutral	Related
subjective	3122	104	109	Super	3122-subjective3	Positive	Related
subjective	3122	89	102	nur empfehlen	3122-subjective2	Positive	Related
subjective	3122	69	79	echt SUPER	3122-subjective1	Positive	Related
aspect	3122	6	9	App	3122-aspect0	Neutral	Related
subjective	3122	0	5	Super	3122-subjective0	Positive	Related
subjective	3123	120	125	super	3123-subjective2	Positive	Related
aspect	3123	104	112	Standort	3123-aspect2	Neutral	Related
subjective	3123	84	103	immer den aktuellen	3123-subjective3	Positive	Related
subjective	3123	59	69	immer toll	3123-subjective0	Positive	Related
aspect	3123	48	53	Fotos	3123-aspect1	Neutral	Related
subjective	3123	12	15	gut	3123-subjective1	Positive	Related
aspect	3123	4	7	App	3123-aspect0	Unknown	Related
subjective	3124	0	3	Top	3124-subjective0	Positive	Related
aspect	3125	76	85	gestaltet	3125-aspect1	Unknown	Related
subjective	3125	57	75	sehr √ºbersichtlich	3125-subjective2	Positive	Related
subjective	3125	32	46	keine Probleme	3125-subjective1	Positive	Related
aspect	3125	6	9	App	3125-aspect0	Neutral	Related
subjective	3125	0	5	Super	3125-subjective0	Positive	Related
subjective	3127	8	12	Cool	3127-subjective1	Positive	Related
subjective	3127	0	4	Cool	3127-subjective0	Positive	Related
subjective	3128	101	113	Total nervig	3128-subjective3	Negative	Related
subjective	3128	89	99	nicht mehr	3128-subjective2	Negative	Related
aspect	3128	53	65	aktualisiert	3128-aspect1	Neutral	Related
aspect	3128	38	41	App	3128-aspect0	Neutral	Related
subjective	3128	32	37	super	3128-subjective0	Positive	Related
subjective	3128	0	4	Naja	3128-subjective1	Neutral	Related
subjective	3129	144	147	;-)	3129-subjective1	Positive	Related
subjective	3129	95	102	erspart	3129-subjective2	Positive	Related
aspect	3129	84	94	Starkregen	3129-aspect1	Neutral	Related
aspect	3129	5	12	Planung	3129-aspect0	Neutral	Related
subjective	3129	0	4	Gute	3129-subjective0	Positive	Related
subjective	3130	128	137	sehr hoch	3130-subjective0	Negative	Related
aspect	3130	72	77	Strom	3130-aspect1	Unknown	Related
aspect	3130	0	14	Stromverbrauch	3130-aspect0	Unknown	Related
aspect	3131	54	69	aktuelle Wetter	3131-aspect0	Unknown	Related
subjective	3132	10	20	sehr genau	3132-subjective1	Positive	Related
subjective	3132	0	9	Alles O . K	3132-subjective0	Positive	Related
subjective	3133	50	71	Bitte schnell beheben	3133-subjective3	Negative	Related
subjective	3133	34	48	garnichts mehr	3133-subjective2	Negative	Related
aspect	3133	28	33	l√§uft	3133-aspect0	Neutral	Related
subjective	3133	11	21	jetzt Flop	3133-subjective1	Negative	Related
subjective	3133	7	10	top	3133-subjective0	Positive	Related
subjective	3134	0	15	Sch√∂n anzusehen	3134-subjective0	Positive	Related
subjective	3135	60	77	recht zuverl√§ssig	3135-subjective5	Positive	Related
aspect	3135	47	54	Angaben	3135-aspect0	Neutral	Related
subjective	3135	36	46	informativ	3135-subjective4	Positive	Related
subjective	3135	24	31	einfach	3135-subjective3	Positive	Related
subjective	3135	17	22	Sch√∂n	3135-subjective2	Positive	Related
subjective	3135	10	13	gut	3135-subjective1	Positive	Related
subjective	3135	0	5	Klein	3135-subjective0	Positive	Related
subjective	3136	87	101	ziemlich genau	3136-subjective3	Positive	Related
subjective	3136	69	82	Sehr n√ºtzlich	3136-subjective2	Positive	Related
subjective	3136	60	67	perfekt	3136-subjective1	Positive	Related
subjective	3136	49	55	stabil	3136-subjective0	Positive	Related
aspect	3136	43	48	l√§uft	3136-aspect0	Unknown	Related
aspect	3137	20	23	APP	3137-aspect0	Neutral	Related
subjective	3137	14	19	TOLLE	3137-subjective1	Positive	Related
subjective	3137	0	5	Super	3137-subjective0	Positive	Related
aspect	3138	12	15	App	3138-aspect0	Neutral	Related
subjective	3138	0	11	Grossartige	3138-subjective0	Positive	Related
aspect	3139	17	27	Wetter app	3139-aspect0	Neutral	Related
subjective	3139	11	16	Beste	3139-subjective1	Positive	Related
subjective	3139	0	7	Tip top	3139-subjective0	Positive	Related
aspect	3140	38	48	Funktionen	3140-aspect2	Neutral	Related
subjective	3140	32	37	tolle	3140-subjective2	Positive	Related
aspect	3140	16	27	Darstellung	3140-aspect1	Neutral	Related
subjective	3140	11	15	Gute	3140-subjective1	Positive	Related
aspect	3140	6	9	App	3140-aspect0	Neutral	Related
subjective	3140	0	5	Super	3140-subjective0	Positive	Related
aspect	3141	26	29	App	3141-aspect1	Unknown	Related
subjective	3141	10	19	Super gut	3141-subjective0	Positive	Related
aspect	3141	0	6	Wetter	3141-aspect0	Unknown	Related
subjective	3142	0	3	Gut	3142-subjective0	Positive	Related
subjective	3143	0	27	Genau das , was wir brauchen	3143-subjective0	Positive	Related
aspect	3144	59	80	Wettervorhersage Apps	3144-aspect1	Neutral	Related
subjective	3144	49	58	genausten	3144-subjective1	Positive	Related
subjective	3144	17	32	stimmt meistens	3144-subjective0	Positive	Related
aspect	3144	0	16	Wettervorhersage	3144-aspect0	Unknown	Related
subjective	3145	65	74	kommt nix	3145-subjective2	Negative	Related
aspect	3145	49	57	Unwetter	3145-aspect0	Neutral	Related
subjective	3145	9	18	Soweit ok	3145-subjective1	Positive	Related
subjective	3145	0	5	Na ja	3145-subjective0	Neutral	Related
subjective	3146	27	29	üëç	3146-subjective1	Positive	Related
aspect	3146	23	26	App	3146-aspect0	Neutral	Related
subjective	3146	0	14	Sehr zufrieden	3146-subjective0	Positive	Related
subjective	3147	4	19	sehr zu frieden	3147-subjective0	Positive	Related
subjective	3148	6	8	Ok	3148-subjective1	Positive	Related
subjective	3148	0	2	Ok	3148-subjective0	Positive	Related
subjective	3149	0	11	Gef√§llt mir	3149-subjective0	Positive	Related
subjective	3150	52	55	TOP	3150-subjective1	Positive	Related
subjective	3150	19	35	Nur zu empfehlen	3150-subjective2	Positive	Related
aspect	3150	12	15	app	3150-aspect0	Neutral	Related
subjective	3150	0	11	Super Geile	3150-subjective0	Positive	Related
aspect	3151	25	41	Sattelitenbilder	3151-aspect0	Neutral	Related
subjective	3151	10	16	fehlen	3151-subjective1	Negative	Related
subjective	3151	0	3	gut	3151-subjective0	Positive	Related
aspect	3152	99	115	TV-Wetterbericht	3152-aspect2	Neutral	Foreign
subjective	3152	81	88	genauer	3152-subjective2	Positive	Related
subjective	3152	72	78	besser	3152-subjective1	Positive	Related
aspect	3152	26	36	Wetter-App	3152-aspect1	Neutral	Related
aspect	3152	13	16	App	3152-aspect0	Neutral	Related
subjective	3152	0	12	Erstklassige	3152-subjective0	Positive	Related
subjective	3153	272	288	nur noch SCHROTT	3153-subjective4	Negative	Related
subjective	3153	239	250	richtig gut	3153-subjective5	Positive	Related
aspect	3153	224	227	App	3153-aspect4	Neutral	Related
subjective	3153	179	218	haben nichts mit der Realit√§t gemeinsam	3153-subjective3	Negative	Related
aspect	3153	142	153	Wetterdaten	3153-aspect3	Neutral	Related
subjective	3153	102	114	dauert " ewig	3153-subjective2	Negative	Related
aspect	3153	87	101	Aktualisierung	3153-aspect2	Neutral	Related
subjective	3153	54	85	leider nicht mehr zu gebrauchen	3153-subjective1	Negative	Related
aspect	3153	50	53	App	3153-aspect1	Neutral	Related
aspect	3153	32	39	Updates	3153-aspect0	Neutral	Related
subjective	3153	0	11	Unbrauchbar	3153-subjective0	Negative	Related
subjective	3154	237	251	Absolut nervig	3154-subjective3	Negative	Related
aspect	3154	215	218	GPS	3154-aspect3	Neutral	Related
subjective	3154	134	167	stellt mir immer wieder Hanau ein	3154-subjective2	Negative	Related
aspect	3154	130	133	App	3154-aspect2	Neutral	Related
subjective	3154	42	60	geht mal gar nicht	3154-subjective1	Negative	Related
aspect	3154	23	41	Standortbestimmung	3154-aspect1	Neutral	Related
aspect	3154	7	10	App	3154-aspect0	Neutral	Related
subjective	3154	0	6	Sch√∂ne	3154-subjective0	Positive	Related
subjective	3155	17	24	bestens	3155-subjective0	Positive	Related
aspect	3155	4	16	funktioniert	3155-aspect1	Unknown	Related
aspect	3155	0	3	APP	3155-aspect0	Unknown	Related
subjective	3156	36	50	ABSOLUT genial	3156-subjective1	Positive	Related
subjective	3156	0	3	Top	3156-subjective0	Positive	Related
aspect	3157	17	20	app	3157-aspect0	Unknown	Related
subjective	3157	11	16	Beste	3157-subjective1	Positive	Related
subjective	3157	0	7	Perfekt	3157-subjective0	Positive	Related
aspect	3158	7	10	app	3158-aspect0	Neutral	Related
subjective	3158	0	6	Hammer	3158-subjective0	Positive	Related
aspect	3159	640	651	Wetter-Apps	3159-aspect8	Neutral	Foreign
subjective	3159	627	639	gibt bessere	3159-subjective13	Negative	Related
subjective	3159	600	622	sofort wieder gel√∂scht	3159-subjective14	Negative	Related
subjective	3159	461	482	praktisch unbenutzbar	3159-subjective12	Negative	Related
subjective	3159	433	450	sowas von langsam	3159-subjective11	Negative	Related
aspect	3159	425	428	app	3159-aspect7	Neutral	Related
subjective	3159	393	419	wegen der Werbung geopfert	3159-subjective10	Negative	Related
aspect	3159	330	339	Animation	3159-aspect6	Neutral	Related
subjective	3159	324	329	nette	3159-subjective9	Positive	Related
aspect	3159	291	302	Werbebanner	3159-aspect5	Neutral	Related
subjective	3159	277	290	aufdringliche	3159-subjective8	Negative	Related
aspect	3159	226	235	Startzeit	3159-aspect4	Neutral	Related
subjective	3159	215	225	Sehr lange	3159-subjective7	Negative	Related
subjective	3159	200	213	Quasi nutzlos	3159-subjective6	Negative	Related
subjective	3159	179	191	sehr schnell	3159-subjective5	Positive	Related
aspect	3159	163	170	Werbung	3159-aspect3	Neutral	Related
subjective	3159	143	162	keine aufdringliche	3159-subjective4	Negative	Related
aspect	3159	126	135	gestartet	3159-aspect2	Neutral	Related
subjective	3159	118	125	schnell	3159-subjective3	Positive	Related
aspect	3159	105	108	App	3159-aspect1	Neutral	Related
subjective	3159	95	104	sehr gute	3159-subjective2	Positive	Related
subjective	3159	27	38	so versauen	3159-subjective1	Negative	Related
aspect	3159	23	26	App	3159-aspect0	Neutral	Related
subjective	3159	18	22	gute	3159-subjective0	Positive	Related
